{"cameraMode":{"drawMode":0,"name":"Shaded","section":"Shading Mode"},"sceneLighting":true,"audioPlay":false,"sceneViewState":{"m_AlwaysRefresh":false,"showFog":true,"showSkybox":true,"showFlares":true,"showImageEffects":true,"showParticleSystems":true,"showVisualEffectGraphs":true,"m_FxEnabled":false},"in2DMode":false,"pivot":{"x":256.9579162597656,"y":74.58203887939453,"z":137.39088439941407},"rotation":{"x":-0.005999122280627489,"y":0.013499324209988118,"z":0.0000810109922895208,"w":0.9998908042907715},"size":333.5544128417969,"orthographic":false}