{"cameraMode":{"drawMode":0,"name":"Shaded","section":"Shading Mode"},"sceneLighting":false,"audioPlay":false,"sceneViewState":{"m_AlwaysRefresh":false,"showFog":true,"showSkybox":false,"showFlares":true,"showImageEffects":true,"showParticleSystems":true,"showVisualEffectGraphs":true,"m_FxEnabled":false},"in2DMode":false,"pivot":{"x":0.8134443759918213,"y":4.724277973175049,"z":8.503525733947754},"rotation":{"x":-0.0021697513293474914,"y":0.9943426847457886,"z":-0.12724661827087403,"w":0.021309563890099527},"size":9.612882614135743,"orthographic":false}