{"cameraMode":{"drawMode":0,"name":"Shaded","section":"Shading Mode"},"sceneLighting":false,"audioPlay":false,"sceneViewState":{"m_AlwaysRefresh":false,"showFog":true,"showSkybox":false,"showFlares":true,"showImageEffects":true,"showParticleSystems":true,"showVisualEffectGraphs":true,"m_FxEnabled":true},"in2DMode":false,"pivot":{"x":4.259999752044678,"y":1.1399999856948853,"z":-0.26999998092651369},"rotation":{"x":0.3838529586791992,"y":-0.12521280348300935,"z":0.052556365728378299,"w":0.9134536385536194},"size":5.093142032623291,"orthographic":false}