{"cameraMode":{"drawMode":0,"name":"Shaded","section":"Shading Mode"},"sceneLighting":false,"audioPlay":false,"sceneViewState":{"m_AlwaysRefresh":false,"showFog":true,"showSkybox":false,"showFlares":true,"showImageEffects":true,"showParticleSystems":true,"showVisualEffectGraphs":true,"m_FxEnabled":true},"in2DMode":false,"pivot":{"x":-0.8756938576698303,"y":9.119375228881836,"z":12.10912799835205},"rotation":{"x":0.02068667858839035,"y":0.9372760653495789,"z":-0.34352192282676699,"w":0.056269075721502307},"size":0.8660253882408142,"orthographic":false}