{"cameraMode":{"drawMode":0,"name":"Shaded","section":"Shading Mode"},"sceneLighting":false,"audioPlay":false,"sceneViewState":{"m_AlwaysRefresh":false,"showFog":true,"showSkybox":false,"showFlares":true,"showImageEffects":true,"showParticleSystems":true,"showVisualEffectGraphs":true,"m_FxEnabled":true},"in2DMode":false,"pivot":{"x":51.900001525878909,"y":1.9000039100646973,"z":-1.3149681091308594},"rotation":{"x":0.043898798525333408,"y":-0.8446273803710938,"z":0.5289512276649475,"w":0.07009042054414749},"size":2.1650636196136476,"orthographic":false}