{"cameraMode":{"drawMode":0,"name":"Shaded","section":"Shading Mode"},"sceneLighting":false,"audioPlay":false,"sceneViewState":{"m_AlwaysRefresh":false,"showFog":true,"showSkybox":false,"showFlares":true,"showImageEffects":true,"showParticleSystems":true,"showVisualEffectGraphs":true,"m_FxEnabled":true},"in2DMode":false,"pivot":{"x":0.22130560874938966,"y":0.2686583995819092,"z":0.4440838098526001},"rotation":{"x":0.2519417703151703,"y":-0.45754876732826235,"z":0.13632655143737794,"w":0.8423388600349426},"size":2.5367183685302736,"orthographic":false}